,first_name,last_name,address_number,street_type,street_name,postal_code,city,country,mobile_phone,email,street_type_id,city_id,country_id,contact_id,address_id,postal_code_id
0,Marie,Colin,417,avenue,de Pineau,11400,Les brunels,France,+33 7 81 20 62 37,mcolin26@valette.com,2,2,2,1,1,1
1,Jacques,Carpentier,86,rue,Alex Picard,54540,Angomont,France,+33 7 32 23 05 01,jcarpentier@faure.fr,3,3,2,2,2,2
2,Hortense,Blondel,910,rue,Vaillant,61330,Ceauce,France,+33 6 90 96 02 98,hortenseblond@ramos.com,3,4,2,3,3,3
3,Laure,Chevallier,15,rue,Renaud,80610,Bettencourt st ouen,France,+33 6 06 36 67 40,laurecheva@legros.fr,3,5,2,4,4,4
4,Henri,Buisson,591,rue,de Berthelot,17600,Balanzac,France,+33 6 93 37 95 82,henribuisson@maury.com,3,6,2,5,5,5
5,Alfred,Etienne,96,rue,Hervé,01190,Arbigny,France,+33 7 69 14 95 13,aetien@moreno.fr,3,7,2,6,6,6
6,Olivie,Laporte,34,rue,Timothée Foucher,46360,Cras,France,+33 6 26 71 77 35,olivielaporte62@charles.org,3,8,2,7,7,7
7,Etienne,Allain,13,chemin,Victor Martinez,06910,Aiglun,France,+33 6 84 46 08 98,etienneallai77@laine.com,4,9,2,8,8,8
8,Josette,Mathieu,4,avenue,Faivre,59300,Aulnoy lez valenciennes,France,+33 7 03 90 05 63,josettemathieu70@martin.com,2,10,2,9,9,9
9,Nicole,Lebreton,1,avenue,de Brun,51230,Angluzelles et courcelles,France,+33 7 78 54 71 37,nicolelebre@dupuis.com,2,11,2,10,10,10
10,Zacharie,Payet,9,chemin,Antoinette Vincent,56120,La croix hellean,France,+33 7 22 22 69 97,zachariepayet70@tanguy.fr,4,12,2,11,11,11
11,Penelope,Evrard,21,avenue,Marchal,46700,Cassagnes,France,+33 7 29 78 52 97,pevrard53@loiseau.com,2,13,2,12,12,12
12,Lucie,Mallet,9,rue,Pénélope Rocher,83310,Cogolin,France,+33 7 08 56 89 78,luciemallet@guyon.com,3,14,2,13,13,13
13,Sylvie,Launay,7,rue,de Roy,60400,Appilly,France,+33 6 22 64 04 19,slauna@levy.com,3,15,2,14,14,14
14,Therese,Tessier,6,rue,Merle,22130,Bourseul,France,+33 6 96 66 82 75,theresetessier23@jacquot.com,3,16,2,15,15,15
15,Hortense,Delmas,21,chemin,Aurélie Rivière,31860,Labarthe sur leze,France,+33 6 66 35 86 81,hdelmas67@bodin.com,4,17,2,16,16,16
16,Celina,Leger,2,rue,Nicole Maillet,76890,Val de saane,France,+33 7 56 09 18 31,celinaleger18@techer.com,3,18,2,17,17,17
17,Anne,Mary,192,avenue,de Colin,33750,Baron,France,+33 7 47 32 50 70,amary89@rodrigues.fr,2,19,2,18,18,18
18,Eleonore,Gomez,75,rue,Leconte,80140,Andainville,France,+33 7 51 82 58 01,eleonoregomez23@delannoy.fr,3,20,2,19,19,19
19,Clemence,Reynaud,9,rue,Joseph Marty,01250,Ceyzeriat,France,+33 7 96 40 57 40,creynaud@lacombe.com,3,21,2,20,20,20
20,Guy,Bernard,55,boulevard,Tessier,44720,St joachim,France,+33 6 00 52 22 99,guyberna@lemonnier.fr,5,22,2,21,21,21
21,Thomas,Merle,95,avenue,Guérin,72400,Aveze,France,+33 6 16 28 20 98,tmerle2@lebon.com,2,23,2,22,22,22
22,Paulette,Jean,44,boulevard,Philippine Leroux,78440,Brueil en vexin,France,+33 6 94 34 24 67,pjean46@perez.net,5,24,2,23,23,23
23,Alix,Noel,9,rue,Célina Bourdon,23480,Ars,France,+33 7 20 99 57 33,alixnoel@guyon.fr,3,25,2,24,24,24
24,Antoinette,Delorme,1,rue,Bernadette Lamy,51310,Bouchy st genest,France,+33 6 74 60 74 47,adelorme@martineau.com,3,26,2,25,25,25
25,Elise,Da Costa,8,avenue,de Leconte,14270,Cesny aux vignes,France,+33 6 04 64 79 67,eliseda co@nicolas.com,2,27,2,26,26,26
26,Arnaude,Le Gall,86,avenue,Mary,73340,Aillon le jeune,France,+33 6 62 87 37 28,ale gall@ribeiro.org,2,28,2,27,27,27
27,Stephane,Delattre,66,boulevard,Brigitte Marchand,05120,L argentiere la bessee,France,+33 6 90 63 58 10,sdelat@vincent.com,5,29,2,28,28,28
28,Eric,Gillet,9,avenue,de Jean,64390,Abitain,France,+33 6 19 88 43 66,ericgillet25@garcia.com,2,30,2,29,29,29
29,Agathe,Gomes,4,rue,Joly,32190,Bascous,France,+33 7 08 75 55 25,agathegomes95@lefebvre.com,3,31,2,30,30,30
30,Patricia,Coulon,46,chemin,Lacombe,81320,Barre,France,+33 6 24 41 48 55,patriciacoulon2@ledoux.com,4,32,2,31,31,31
31,Emmanuelle,Meyer,918,rue,Garnier,62136,La couture,France,+33 6 48 83 29 71,emmanuellemeyer2@dubois.fr,3,33,2,32,32,32
32,Jacqueline,Duhamel,19,chemin,de Durand,52400,Aigremont,France,+33 6 14 38 54 13,jacquelineduhamel36@robert.fr,4,34,2,33,33,33
33,Antoinette,Jourdan,48,boulevard,Monique Barthelemy,78850,Thiverval grignon,France,+33 7 87 64 71 44,ajourd@daniel.net,5,35,2,34,34,34
34,Danielle,Sauvage,61,rue,Bouvet,28200,La chapelle du noyer,France,+33 7 23 72 55 28,daniellesauvage@blanc.org,3,36,2,35,35,35
35,Nicole,Gay,8,avenue,de Lacombe,82210,Angeville,France,+33 6 70 80 20 34,nicolegay99@duval.org,2,37,2,36,36,36
36,Anastasie,Bourdon,42,avenue,Caroline Lacroix,21350,Arnay sous vitteaux,France,+33 7 95 36 01 23,abourdon35@remy.fr,2,38,2,37,37,37
37,Anais,Morin,19,boulevard,Anastasie Pineau,07290,Ardoix,France,+33 7 61 65 75 58,amorin44@picard.fr,5,39,2,38,38,38
38,Ines,Simon,303,chemin,Leconte,35390,La dominelais,France,+33 7 06 51 45 22,inessimon36@humbert.fr,4,40,2,39,39,39
39,Theodore,Roux,36,avenue,Rocher,32700,Castera lectourois,France,+33 7 71 14 54 33,theodoreroux@delattre.com,2,41,2,40,40,40
40,Arthur,Boyer,621,rue,Lesage,26460,Bezaudun sur bine,France,+33 6 24 36 16 99,aboyer@martins.com,3,42,2,41,41,41
41,Thomas,Weber,76,chemin,Richard Coulon,85770,Le gue de velluire,France,+33 6 66 31 88 12,thomasweber12@guilbert.net,4,43,2,42,42,42
42,Constance,Alves,79,chemin,de Marty,44550,Montoir de bretagne,France,+33 7 03 28 03 71,constancealves@hoareau.org,4,44,2,43,43,43
43,Catherine,De Sousa,4,rue,Honoré Valette,54260,Allondrelle la malmaison,France,+33 7 64 97 25 42,cde sousa@colas.fr,3,45,2,44,44,44
44,Josephine,Meunier,733,rue,Brunet,81170,Amarens,France,+33 6 64 34 53 28,josephinemeuni48@martins.fr,3,46,2,45,45,45
45,Suzanne,Brun,896,chemin,Mary,76370,Ancourt,France,+33 7 80 86 77 06,sbrun@de.com,4,47,2,46,46,46
46,Thibault,Guillou,84,boulevard,Frédéric Vallet,29700,Plomelin,France,+33 6 57 56 39 21,tguill40@rousseau.com,5,48,2,47,47,47
47,Isaac,Blondel,84,avenue,Gabrielle Traore,36220,Fontgombault,France,+33 6 53 23 12 77,isaacblond@marie.com,2,49,2,48,48,48
48,Sylvie,Goncalves,9,boulevard,Odette Dupuis,27240,Chambois,France,+33 7 41 60 20 43,sylviegonca33@bertrand.net,5,50,2,49,49,49
49,Bertrand,Robert,77,boulevard,Margaux Schmitt,59190,Borre,France,+33 7 63 77 89 24,brobert@lecomte.com,5,51,2,50,50,50
